-- MySQL dump 10.13  Distrib 8.0.33, for Win64 (x86_64)
--
-- Host: localhost    Database: bookdb
-- ------------------------------------------------------
-- Server version	8.0.33

/*!40101 SET @OLD_CHARACTER_SET_CLIENT=@@CHARACTER_SET_CLIENT */;
/*!40101 SET @OLD_CHARACTER_SET_RESULTS=@@CHARACTER_SET_RESULTS */;
/*!40101 SET @OLD_COLLATION_CONNECTION=@@COLLATION_CONNECTION */;
/*!50503 SET NAMES utf8 */;
/*!40103 SET @OLD_TIME_ZONE=@@TIME_ZONE */;
/*!40103 SET TIME_ZONE='+00:00' */;
/*!40014 SET @OLD_UNIQUE_CHECKS=@@UNIQUE_CHECKS, UNIQUE_CHECKS=0 */;
/*!40014 SET @OLD_FOREIGN_KEY_CHECKS=@@FOREIGN_KEY_CHECKS, FOREIGN_KEY_CHECKS=0 */;
/*!40101 SET @OLD_SQL_MODE=@@SQL_MODE, SQL_MODE='NO_AUTO_VALUE_ON_ZERO' */;
/*!40111 SET @OLD_SQL_NOTES=@@SQL_NOTES, SQL_NOTES=0 */;

--
-- Table structure for table `tbl_book`
--
CREATE DATABASE IF NOT EXISTS bookdb;
use bookdb;
DROP TABLE IF EXISTS `tbl_book`;
/*!40101 SET @saved_cs_client     = @@character_set_client */;
/*!50503 SET character_set_client = utf8mb4 */;
CREATE TABLE `tbl_book` (
  `bookcode` int NOT NULL,
  `bookname` varchar(45) DEFAULT NULL,
  `publisher` varchar(45) DEFAULT NULL,
  `isbn` varchar(45) DEFAULT NULL,
  PRIMARY KEY (`bookcode`)
) ENGINE=InnoDB DEFAULT CHARSET=utf8mb4 COLLATE=utf8mb4_0900_ai_ci;
/*!40101 SET character_set_client = @saved_cs_client */;

--
-- Dumping data for table `tbl_book`
--

LOCK TABLES `tbl_book` WRITE;
/*!40000 ALTER TABLE `tbl_book` DISABLE KEYS */;
INSERT INTO `tbl_book` VALUES (1111,'BookName0','00출판사0','4800'),(1112,'BookName1','00출판사1','3854'),(1113,'BookName2','00출판사2','5868'),(1114,'BookName3','00출판사3','9975'),(1115,'BookName4','00출판사4','5223'),(1116,'BookName5','00출판사5','7752'),(1117,'BookName6','00출판사6','1719'),(1118,'BookName7','00출판사7','5143'),(1119,'BookName8','00출판사8','8105'),(1120,'BookName9','00출판사9','2125'),(1121,'BookName10','00출판사10','2253'),(1122,'BookName11','00출판사11','4121'),(1123,'BookName12','00출판사12','6394'),(1124,'BookName13','00출판사13','5202'),(1125,'BookName14','00출판사14','5837'),(1126,'BookName15','00출판사15','7207'),(1127,'BookName16','00출판사16','8599'),(1128,'BookName17','00출판사17','8392'),(1129,'BookName18','00출판사18','904'),(1130,'BookName19','00출판사19','4637'),(1131,'BookName20','00출판사20','4764'),(1132,'BookName21','00출판사21','7652'),(1133,'BookName22','00출판사22','7723'),(1134,'BookName23','00출판사23','811'),(1135,'BookName24','00출판사24','6772'),(1136,'BookName25','00출판사25','5147'),(1137,'BookName26','00출판사26','6609'),(1138,'BookName27','00출판사27','2141'),(1139,'BookName28','00출판사28','1216'),(1140,'BookName29','00출판사29','6593'),(1141,'BookName30','00출판사30','7523'),(1142,'BookName31','00출판사31','7366'),(1143,'BookName32','00출판사32','815'),(1144,'BookName33','00출판사33','8787'),(1145,'BookName34','00출판사34','533'),(1146,'BookName35','00출판사35','3330'),(1147,'BookName36','00출판사36','1572'),(1148,'BookName37','00출판사37','1722'),(1149,'BookName38','00출판사38','5644'),(1150,'BookName39','00출판사39','1596'),(1151,'BookName40','00출판사40','8360'),(1152,'BookName41','00출판사41','2198'),(1153,'BookName42','00출판사42','1361'),(1154,'BookName43','00출판사43','282'),(1155,'BookName44','00출판사44','3154'),(1156,'BookName45','00출판사45','8069'),(1157,'BookName46','00출판사46','8381'),(1158,'BookName47','00출판사47','5362'),(1159,'BookName48','00출판사48','5575'),(1160,'BookName49','00출판사49','3885'),(1161,'BookName50','00출판사50','9316'),(1162,'BookName51','00출판사51','5718'),(1163,'BookName52','00출판사52','334'),(1164,'BookName53','00출판사53','207'),(1165,'BookName54','00출판사54','3692'),(1166,'BookName55','00출판사55','1306'),(1167,'BookName56','00출판사56','3177'),(1168,'BookName57','00출판사57','8384'),(1169,'BookName58','00출판사58','8398'),(1170,'BookName59','00출판사59','9675'),(1171,'BookName60','00출판사60','1224'),(1172,'BookName61','00출판사61','5208'),(1173,'BookName62','00출판사62','5840'),(1174,'BookName63','00출판사63','4949'),(1175,'BookName64','00출판사64','8825'),(1176,'BookName65','00출판사65','3356'),(1177,'BookName66','00출판사66','7318'),(1178,'BookName67','00출판사67','369'),(1179,'BookName68','00출판사68','9847'),(1180,'BookName69','00출판사69','6792'),(1181,'BookName70','00출판사70','5777'),(1182,'BookName71','00출판사71','9350'),(1183,'BookName72','00출판사72','808'),(1184,'BookName73','00출판사73','9039'),(1185,'BookName74','00출판사74','4389'),(1186,'BookName75','00출판사75','6682'),(1187,'BookName76','00출판사76','8395'),(1188,'BookName77','00출판사77','4587'),(1189,'BookName78','00출판사78','3540'),(1190,'BookName79','00출판사79','9143'),(1191,'BookName80','00출판사80','6233'),(1192,'BookName81','00출판사81','7442'),(1193,'BookName82','00출판사82','4252'),(1194,'BookName83','00출판사83','7711'),(1195,'BookName84','00출판사84','9774'),(1196,'BookName85','00출판사85','136'),(1197,'BookName86','00출판사86','3992'),(1198,'BookName87','00출판사87','3947'),(1199,'BookName88','00출판사88','7461'),(1200,'BookName89','00출판사89','3010'),(1201,'BookName90','00출판사90','7430'),(1202,'BookName91','00출판사91','3472'),(1203,'BookName92','00출판사92','5532'),(1204,'BookName93','00출판사93','9349'),(1205,'BookName94','00출판사94','4112'),(1206,'BookName95','00출판사95','2683'),(1207,'BookName96','00출판사96','9231'),(1208,'BookName97','00출판사97','8704'),(1209,'BookName98','00출판사98','5161'),(1210,'BookName99','00출판사99','605'),(1211,'BookName100','00출판사100','6169'),(1212,'BookName101','00출판사101','8127'),(1213,'BookName102','00출판사102','9845'),(1214,'BookName103','00출판사103','7099'),(1215,'BookName104','00출판사104','1166'),(1216,'BookName105','00출판사105','6376'),(1217,'BookName106','00출판사106','2748'),(1218,'BookName107','00출판사107','1171'),(1219,'BookName108','00출판사108','1922'),(1220,'BookName109','00출판사109','2490'),(1221,'BookName110','00출판사110','39'),(1222,'BookName111','00출판사111','1762'),(1223,'BookName112','00출판사112','1591'),(1224,'BookName113','00출판사113','5824'),(1225,'BookName114','00출판사114','4395'),(1226,'BookName115','00출판사115','8816'),(1227,'BookName116','00출판사116','1863'),(1228,'BookName117','00출판사117','3042'),(1229,'BookName118','00출판사118','3600'),(1230,'BookName119','00출판사119','1099'),(1231,'BookName120','00출판사120','4765'),(1232,'BookName121','00출판사121','5669'),(1233,'BookName122','00출판사122','6611'),(1234,'BookName123','00출판사123','8309'),(1235,'BookName124','00출판사124','3261'),(1236,'BookName125','00출판사125','9596'),(1237,'BookName126','00출판사126','9510'),(1238,'BookName127','00출판사127','5406'),(1239,'BookName128','00출판사128','252'),(1240,'BookName129','00출판사129','2781'),(1241,'BookName130','00출판사130','1708'),(1242,'BookName131','00출판사131','7370'),(1243,'BookName132','00출판사132','6323'),(1244,'BookName133','00출판사133','6976'),(1245,'BookName134','00출판사134','9214'),(1246,'BookName135','00출판사135','2073'),(1247,'BookName136','00출판사136','797'),(1248,'BookName137','00출판사137','4467'),(1249,'BookName138','00출판사138','240'),(1250,'BookName139','00출판사139','3852'),(1251,'BookName140','00출판사140','9521'),(1252,'BookName141','00출판사141','4179'),(1253,'BookName142','00출판사142','4649'),(1254,'BookName143','00출판사143','3030'),(1255,'BookName144','00출판사144','9896'),(1256,'BookName145','00출판사145','8544'),(1257,'BookName146','00출판사146','7316'),(1258,'BookName147','00출판사147','5796'),(1259,'BookName148','00출판사148','9766'),(1260,'BookName149','00출판사149','2522'),(1261,'BookName150','00출판사150','9379'),(1262,'BookName151','00출판사151','2205'),(1263,'BookName152','00출판사152','8821'),(1264,'BookName153','00출판사153','9027'),(1265,'BookName154','00출판사154','4362'),(1266,'BookName155','00출판사155','8218'),(1267,'BookName156','00출판사156','7636'),(1268,'BookName157','00출판사157','9888'),(1269,'BookName158','00출판사158','7083'),(1270,'BookName159','00출판사159','5574'),(1271,'BookName160','00출판사160','2998'),(1272,'BookName161','00출판사161','4298'),(1273,'BookName162','00출판사162','7646'),(1274,'BookName163','00출판사163','8941'),(1275,'BookName164','00출판사164','1502'),(1276,'BookName165','00출판사165','3027'),(1277,'BookName166','00출판사166','5052'),(1278,'BookName167','00출판사167','7728'),(1279,'BookName168','00출판사168','1487'),(1280,'BookName169','00출판사169','198'),(1281,'BookName170','00출판사170','8993'),(1282,'BookName171','00출판사171','2721'),(1283,'BookName172','00출판사172','1992'),(1284,'BookName173','00출판사173','623'),(1285,'BookName174','00출판사174','2698'),(1286,'BookName175','00출판사175','7584'),(1287,'BookName176','00출판사176','8327'),(1288,'BookName177','00출판사177','2661'),(1289,'BookName178','00출판사178','4509'),(1290,'BookName179','00출판사179','9620'),(1291,'BookName180','00출판사180','661'),(1292,'BookName181','00출판사181','5000'),(1293,'BookName182','00출판사182','2131'),(1294,'BookName183','00출판사183','8574'),(1295,'BookName184','00출판사184','8752'),(1296,'BookName185','00출판사185','2226'),(1297,'BookName186','00출판사186','2833'),(1298,'BookName187','00출판사187','6696'),(1299,'BookName188','00출판사188','1490'),(1300,'BookName189','00출판사189','5069'),(1301,'BookName190','00출판사190','4222'),(1302,'BookName191','00출판사191','6825'),(1303,'BookName192','00출판사192','845'),(1304,'BookName193','00출판사193','5946'),(1305,'BookName194','00출판사194','3517'),(1306,'BookName195','00출판사195','3638'),(1307,'BookName196','00출판사196','2503'),(1308,'BookName197','00출판사197','6521'),(1309,'BookName198','00출판사198','7860'),(1310,'BookName199','00출판사199','9560'),(1311,'BookName200','00출판사200','5757'),(1312,'BookName201','00출판사201','1064'),(1313,'BookName202','00출판사202','1691'),(1314,'BookName203','00출판사203','9039'),(1315,'BookName204','00출판사204','769'),(1316,'BookName205','00출판사205','2393'),(1317,'BookName206','00출판사206','6332'),(1318,'BookName207','00출판사207','4863'),(1319,'BookName208','00출판사208','9310'),(1320,'BookName209','00출판사209','1187'),(1321,'BookName210','00출판사210','3243'),(1322,'BookName211','00출판사211','791'),(1323,'BookName212','00출판사212','8309'),(1324,'BookName213','00출판사213','7456'),(1325,'BookName214','00출판사214','3766'),(1326,'BookName215','00출판사215','2796'),(1327,'BookName216','00출판사216','1203'),(1328,'BookName217','00출판사217','4643'),(1329,'BookName218','00출판사218','387'),(1330,'BookName219','00출판사219','2876'),(1331,'BookName220','00출판사220','2376'),(1332,'BookName221','00출판사221','410'),(1333,'BookName222','00출판사222','381'),(1334,'BookName223','00출판사223','1549'),(1335,'BookName224','00출판사224','2130'),(1336,'BookName225','00출판사225','9060'),(1337,'BookName226','00출판사226','3435'),(1338,'BookName227','00출판사227','5837'),(1339,'BookName228','00출판사228','3090'),(1340,'BookName229','00출판사229','690'),(1341,'BookName230','00출판사230','2260'),(1342,'BookName231','00출판사231','814'),(1343,'BookName232','00출판사232','8910'),(1344,'BookName233','00출판사233','4914'),(1345,'BookName234','00출판사234','5998'),(1346,'BookName235','00출판사235','8286'),(1347,'BookName236','00출판사236','8425'),(1348,'BookName237','00출판사237','5820'),(1349,'BookName238','00출판사238','1798'),(1350,'BookName239','00출판사239','2637'),(1351,'BookName240','00출판사240','8095'),(1352,'BookName241','00출판사241','6692'),(1353,'BookName242','00출판사242','9793'),(1354,'BookName243','00출판사243','3916'),(1355,'BookName244','00출판사244','6550'),(1356,'BookName245','00출판사245','198'),(1357,'BookName246','00출판사246','3927'),(1358,'BookName247','00출판사247','5223'),(1359,'BookName248','00출판사248','6822'),(1360,'BookName249','00출판사249','1081'),(1361,'BookName250','00출판사250','3547'),(1362,'BookName251','00출판사251','2708'),(1363,'BookName252','00출판사252','7159'),(1364,'BookName253','00출판사253','7664'),(1365,'BookName254','00출판사254','4956'),(1366,'BookName255','00출판사255','2882'),(1367,'BookName256','00출판사256','9309'),(1368,'BookName257','00출판사257','5553'),(1369,'BookName258','00출판사258','5107'),(1370,'BookName259','00출판사259','6687'),(1371,'BookName260','00출판사260','9220'),(1372,'BookName261','00출판사261','2495'),(1373,'BookName262','00출판사262','2429'),(1374,'BookName263','00출판사263','7940'),(1375,'BookName264','00출판사264','1987'),(1376,'BookName265','00출판사265','4037'),(1377,'BookName266','00출판사266','9779'),(1378,'BookName267','00출판사267','8028'),(1379,'BookName268','00출판사268','7437'),(1380,'BookName269','00출판사269','1937'),(1381,'BookName270','00출판사270','8267'),(1382,'BookName271','00출판사271','4322'),(1383,'BookName272','00출판사272','6994'),(1384,'BookName273','00출판사273','7414'),(1385,'BookName274','00출판사274','2979'),(1386,'BookName275','00출판사275','6686'),(1387,'BookName276','00출판사276','1168'),(1388,'BookName277','00출판사277','9904'),(1389,'BookName278','00출판사278','4554'),(1390,'BookName279','00출판사279','6711'),(1391,'BookName280','00출판사280','7109'),(1392,'BookName281','00출판사281','1708'),(1393,'BookName282','00출판사282','2817'),(1394,'BookName283','00출판사283','1453'),(1395,'BookName284','00출판사284','4874'),(1396,'BookName285','00출판사285','1592'),(1397,'BookName286','00출판사286','651'),(1398,'BookName287','00출판사287','4084'),(1399,'BookName288','00출판사288','9928'),(1400,'BookName289','00출판사289','9534'),(1401,'BookName290','00출판사290','2781'),(1402,'BookName291','00출판사291','939'),(1403,'BookName292','00출판사292','7616'),(1404,'BookName293','00출판사293','7015'),(1405,'BookName294','00출판사294','8321'),(1406,'BookName295','00출판사295','3873'),(1407,'BookName296','00출판사296','9266'),(1408,'BookName297','00출판사297','8494'),(1409,'BookName298','00출판사298','3745'),(1410,'BookName299','00출판사299','1861'),(1411,'BookName300','00출판사300','8129'),(1412,'BookName301','00출판사301','5448'),(1413,'BookName302','00출판사302','3906'),(1414,'BookName303','00출판사303','7867'),(1415,'BookName304','00출판사304','4327'),(1416,'BookName305','00출판사305','7872'),(1417,'BookName306','00출판사306','4242'),(1418,'BookName307','00출판사307','2750'),(1419,'BookName308','00출판사308','5040'),(1420,'BookName309','00출판사309','6802'),(1421,'BookName310','00출판사310','6444'),(1422,'BookName311','00출판사311','7938'),(1423,'BookName312','00출판사312','1658'),(1424,'BookName313','00출판사313','1896'),(1425,'BookName314','00출판사314','1582'),(1426,'BookName315','00출판사315','8049'),(1427,'BookName316','00출판사316','5317'),(1428,'BookName317','00출판사317','6467'),(1429,'BookName318','00출판사318','2154'),(1430,'BookName319','00출판사319','3756'),(1431,'BookName320','00출판사320','6082'),(1432,'BookName321','00출판사321','7999'),(1433,'BookName322','00출판사322','1660'),(1434,'BookName323','00출판사323','911'),(1435,'BookName324','00출판사324','2215'),(1436,'BookName325','00출판사325','2116'),(1437,'BookName326','00출판사326','2107'),(1438,'BookName327','00출판사327','8126'),(1439,'BookName328','00출판사328','3358'),(1440,'BookName329','00출판사329','6069'),(1441,'BookName330','00출판사330','8172'),(1442,'BookName331','00출판사331','3965'),(1443,'BookName332','00출판사332','4621'),(1444,'BookName333','00출판사333','2635'),(1445,'BookName334','00출판사334','1949'),(1446,'BookName335','00출판사335','904'),(1447,'BookName336','00출판사336','7708'),(1448,'BookName337','00출판사337','4353'),(1449,'BookName338','00출판사338','1019'),(1450,'BookName339','00출판사339','3557'),(1451,'BookName340','00출판사340','5050'),(1452,'BookName341','00출판사341','1828'),(1453,'BookName342','00출판사342','944'),(1454,'BookName343','00출판사343','1342'),(1455,'BookName344','00출판사344','7337'),(1456,'BookName345','00출판사345','6041'),(1457,'BookName346','00출판사346','7663'),(1458,'BookName347','00출판사347','5353'),(1459,'BookName348','00출판사348','2076'),(1460,'BookName349','00출판사349','577'),(1461,'BookName350','00출판사350','5616'),(1462,'BookName351','00출판사351','141'),(1463,'BookName352','00출판사352','5183'),(1464,'BookName353','00출판사353','2009'),(1465,'BookName354','00출판사354','7152'),(1466,'BookName355','00출판사355','4576'),(1467,'BookName356','00출판사356','8204'),(1468,'BookName357','00출판사357','2605'),(1469,'BookName358','00출판사358','6059'),(1470,'BookName359','00출판사359','8857'),(1471,'BookName360','00출판사360','5216'),(1472,'BookName361','00출판사361','8603'),(1473,'BookName362','00출판사362','4002'),(1474,'BookName363','00출판사363','1207'),(1475,'BookName364','00출판사364','9242'),(1476,'BookName365','00출판사365','6819'),(1477,'BookName366','00출판사366','9186'),(1478,'BookName367','00출판사367','6475'),(1479,'BookName368','00출판사368','9022'),(1480,'BookName369','00출판사369','9005'),(1481,'BookName370','00출판사370','3656'),(1482,'BookName371','00출판사371','243'),(1483,'BookName372','00출판사372','4364'),(1484,'BookName373','00출판사373','7763'),(1485,'BookName374','00출판사374','3810'),(1486,'BookName375','00출판사375','5008'),(1487,'BookName376','00출판사376','6521'),(1488,'BookName377','00출판사377','7962'),(1489,'BookName378','00출판사378','3886'),(1490,'BookName379','00출판사379','7608'),(1491,'BookName380','00출판사380','8250'),(1492,'BookName381','00출판사381','4316'),(1493,'BookName382','00출판사382','9113'),(1494,'BookName383','00출판사383','6976'),(1495,'BookName384','00출판사384','5262'),(1496,'BookName385','00출판사385','6560'),(1497,'BookName386','00출판사386','628'),(1498,'BookName387','00출판사387','3831'),(1499,'BookName388','00출판사388','36'),(1500,'BookName389','00출판사389','561'),(1501,'BookName390','00출판사390','3633'),(1502,'BookName391','00출판사391','8509'),(1503,'BookName392','00출판사392','8227'),(1504,'BookName393','00출판사393','5050'),(1505,'BookName394','00출판사394','38'),(1506,'BookName395','00출판사395','7456'),(1507,'BookName396','00출판사396','4184'),(1508,'BookName397','00출판사397','3749'),(1509,'BookName398','00출판사398','6488'),(1510,'BookName399','00출판사399','1293'),(1511,'BookName400','00출판사400','3547'),(1512,'BookName401','00출판사401','2198'),(1513,'BookName402','00출판사402','7314'),(1514,'BookName403','00출판사403','4071'),(1515,'BookName404','00출판사404','7627'),(1516,'BookName405','00출판사405','2681'),(1517,'BookName406','00출판사406','1887'),(1518,'BookName407','00출판사407','6165'),(1519,'BookName408','00출판사408','4984'),(1520,'BookName409','00출판사409','1023'),(1521,'BookName410','00출판사410','3629'),(1522,'BookName411','00출판사411','8814'),(1523,'BookName412','00출판사412','7398'),(1524,'BookName413','00출판사413','2830'),(1525,'BookName414','00출판사414','2135'),(1526,'BookName415','00출판사415','7694'),(1527,'BookName416','00출판사416','8593'),(1528,'BookName417','00출판사417','4116'),(1529,'BookName418','00출판사418','9599'),(1530,'BookName419','00출판사419','588'),(1531,'BookName420','00출판사420','2437'),(1532,'BookName421','00출판사421','1874'),(1533,'BookName422','00출판사422','6875'),(1534,'BookName423','00출판사423','2882'),(1535,'BookName424','00출판사424','2512'),(1536,'BookName425','00출판사425','6327'),(1537,'BookName426','00출판사426','2888'),(1538,'BookName427','00출판사427','4850'),(1539,'BookName428','00출판사428','76'),(1540,'BookName429','00출판사429','2529'),(1541,'BookName430','00출판사430','1347'),(1542,'BookName431','00출판사431','1299'),(1543,'BookName432','00출판사432','197'),(1544,'BookName433','00출판사433','296'),(1545,'BookName434','00출판사434','1610'),(1546,'BookName435','00출판사435','8525'),(1547,'BookName436','00출판사436','7799'),(1548,'BookName437','00출판사437','4547'),(1549,'BookName438','00출판사438','1314'),(1550,'BookName439','00출판사439','6328'),(1551,'BookName440','00출판사440','6294'),(1552,'BookName441','00출판사441','5926'),(1553,'BookName442','00출판사442','5249'),(1554,'BookName443','00출판사443','4788'),(1555,'BookName444','00출판사444','5749'),(1556,'BookName445','00출판사445','5872'),(1557,'BookName446','00출판사446','6386'),(1558,'BookName447','00출판사447','5408'),(1559,'BookName448','00출판사448','9828'),(1560,'BookName449','00출판사449','3014'),(1561,'BookName450','00출판사450','8569'),(1562,'BookName451','00출판사451','9654'),(1563,'BookName452','00출판사452','1689'),(1564,'BookName453','00출판사453','2835'),(1565,'BookName454','00출판사454','838'),(1566,'BookName455','00출판사455','7774'),(1567,'BookName456','00출판사456','9350'),(1568,'BookName457','00출판사457','4451'),(1569,'BookName458','00출판사458','4776'),(1570,'BookName459','00출판사459','8260'),(1571,'BookName460','00출판사460','9763'),(1572,'BookName461','00출판사461','326'),(1573,'BookName462','00출판사462','7483'),(1574,'BookName463','00출판사463','2895'),(1575,'BookName464','00출판사464','2190'),(1576,'BookName465','00출판사465','3239'),(1577,'BookName466','00출판사466','7327'),(1578,'BookName467','00출판사467','5270'),(1579,'BookName468','00출판사468','2727'),(1580,'BookName469','00출판사469','5838'),(1581,'BookName470','00출판사470','2884'),(1582,'BookName471','00출판사471','6220'),(1583,'BookName472','00출판사472','9534'),(1584,'BookName473','00출판사473','6592'),(1585,'BookName474','00출판사474','8507'),(1586,'BookName475','00출판사475','5648'),(1587,'BookName476','00출판사476','3474'),(1588,'BookName477','00출판사477','8065'),(1589,'BookName478','00출판사478','7993'),(1590,'BookName479','00출판사479','7209'),(1591,'BookName480','00출판사480','3401'),(1592,'BookName481','00출판사481','3512'),(1593,'BookName482','00출판사482','5548'),(1594,'BookName483','00출판사483','7931'),(1595,'BookName484','00출판사484','8144'),(1596,'BookName485','00출판사485','9930'),(1597,'BookName486','00출판사486','7029'),(1598,'BookName487','00출판사487','2629'),(1599,'BookName488','00출판사488','9672'),(1600,'BookName489','00출판사489','6822'),(1601,'BookName490','00출판사490','4509'),(1602,'BookName491','00출판사491','1272'),(1603,'BookName492','00출판사492','20'),(1604,'BookName493','00출판사493','5212'),(1605,'BookName494','00출판사494','421'),(1606,'BookName495','00출판사495','4349'),(1607,'BookName496','00출판사496','5303'),(1608,'BookName497','00출판사497','2656'),(1609,'BookName498','00출판사498','8147'),(1610,'BookName499','00출판사499','7803'),(1611,'BookName500','00출판사500','3867'),(1612,'BookName501','00출판사501','7702'),(1613,'BookName502','00출판사502','4995'),(1614,'BookName503','00출판사503','3995'),(1615,'BookName504','00출판사504','6980'),(1616,'BookName505','00출판사505','9034'),(1617,'BookName506','00출판사506','2347'),(1618,'BookName507','00출판사507','5385'),(1619,'BookName508','00출판사508','7614'),(1620,'BookName509','00출판사509','1502'),(1621,'BookName510','00출판사510','2059'),(1622,'BookName511','00출판사511','9421'),(1623,'BookName512','00출판사512','1635'),(1624,'BookName513','00출판사513','5871'),(1625,'BookName514','00출판사514','6337'),(1626,'BookName515','00출판사515','6531'),(1627,'BookName516','00출판사516','1263'),(1628,'BookName517','00출판사517','6740'),(1629,'BookName518','00출판사518','2218'),(1630,'BookName519','00출판사519','6080'),(1631,'BookName520','00출판사520','764'),(1632,'BookName521','00출판사521','762'),(1633,'BookName522','00출판사522','6728'),(1634,'BookName523','00출판사523','5945'),(1635,'BookName524','00출판사524','5447'),(1636,'BookName525','00출판사525','9746'),(1637,'BookName526','00출판사526','5467'),(1638,'BookName527','00출판사527','8460'),(1639,'BookName528','00출판사528','8049'),(1640,'BookName529','00출판사529','9428'),(1641,'BookName530','00출판사530','7960'),(1642,'BookName531','00출판사531','8168'),(1643,'BookName532','00출판사532','3745'),(1644,'BookName533','00출판사533','4064'),(1645,'BookName534','00출판사534','2138'),(1646,'BookName535','00출판사535','5504'),(1647,'BookName536','00출판사536','1652'),(1648,'BookName537','00출판사537','3136'),(1649,'BookName538','00출판사538','654'),(1650,'BookName539','00출판사539','7581'),(1651,'BookName540','00출판사540','638'),(1652,'BookName541','00출판사541','5928'),(1653,'BookName542','00출판사542','1710'),(1654,'BookName543','00출판사543','2887'),(1655,'BookName544','00출판사544','3142'),(1656,'BookName545','00출판사545','9487'),(1657,'BookName546','00출판사546','928'),(1658,'BookName547','00출판사547','2246'),(1659,'BookName548','00출판사548','539'),(1660,'BookName549','00출판사549','8700'),(1661,'BookName550','00출판사550','5831'),(1662,'BookName551','00출판사551','3093'),(1663,'BookName552','00출판사552','2561'),(1664,'BookName553','00출판사553','2069'),(1665,'BookName554','00출판사554','1252'),(1666,'BookName555','00출판사555','7011'),(1667,'BookName556','00출판사556','6839'),(1668,'BookName557','00출판사557','2310'),(1669,'BookName558','00출판사558','5532'),(1670,'BookName559','00출판사559','8695'),(1671,'BookName560','00출판사560','8877'),(1672,'BookName561','00출판사561','5702'),(1673,'BookName562','00출판사562','5533'),(1674,'BookName563','00출판사563','3333'),(1675,'BookName564','00출판사564','4350'),(1676,'BookName565','00출판사565','9095'),(1677,'BookName566','00출판사566','5837'),(1678,'BookName567','00출판사567','5425'),(1679,'BookName568','00출판사568','7842'),(1680,'BookName569','00출판사569','3644'),(1681,'BookName570','00출판사570','6680'),(1682,'BookName571','00출판사571','8'),(1683,'BookName572','00출판사572','7120'),(1684,'BookName573','00출판사573','7895'),(1685,'BookName574','00출판사574','7324'),(1686,'BookName575','00출판사575','7827'),(1687,'BookName576','00출판사576','7429'),(1688,'BookName577','00출판사577','4126'),(1689,'BookName578','00출판사578','425'),(1690,'BookName579','00출판사579','533'),(1691,'BookName580','00출판사580','2732'),(1692,'BookName581','00출판사581','3045'),(1693,'BookName582','00출판사582','4938'),(1694,'BookName583','00출판사583','2352'),(1695,'BookName584','00출판사584','6235'),(1696,'BookName585','00출판사585','7161'),(1697,'BookName586','00출판사586','4980'),(1698,'BookName587','00출판사587','9493'),(1699,'BookName588','00출판사588','4119'),(1700,'BookName589','00출판사589','1837'),(1701,'BookName590','00출판사590','5945'),(1702,'BookName591','00출판사591','7971'),(1703,'BookName592','00출판사592','396'),(1704,'BookName593','00출판사593','5618'),(1705,'BookName594','00출판사594','6664'),(1706,'BookName595','00출판사595','6510'),(1707,'BookName596','00출판사596','173'),(1708,'BookName597','00출판사597','3118'),(1709,'BookName598','00출판사598','9716'),(1710,'BookName599','00출판사599','3515'),(1711,'BookName600','00출판사600','7504'),(1712,'BookName601','00출판사601','3596'),(1713,'BookName602','00출판사602','3011'),(1714,'BookName603','00출판사603','7221'),(1715,'BookName604','00출판사604','3142'),(1716,'BookName605','00출판사605','3750'),(1717,'BookName606','00출판사606','6559'),(1718,'BookName607','00출판사607','6063'),(1719,'BookName608','00출판사608','2896'),(1720,'BookName609','00출판사609','4267'),(1721,'BookName610','00출판사610','209'),(1722,'BookName611','00출판사611','4733'),(1723,'BookName612','00출판사612','5915'),(1724,'BookName613','00출판사613','1299'),(1725,'BookName614','00출판사614','5674'),(1726,'BookName615','00출판사615','2928'),(1727,'BookName616','00출판사616','4207'),(1728,'BookName617','00출판사617','4389'),(1729,'BookName618','00출판사618','2040'),(1730,'BookName619','00출판사619','6682'),(1731,'BookName620','00출판사620','7140'),(1732,'BookName621','00출판사621','1230'),(1733,'BookName622','00출판사622','7254'),(1734,'BookName623','00출판사623','9230'),(1735,'BookName624','00출판사624','2127'),(1736,'BookName625','00출판사625','9634'),(1737,'BookName626','00출판사626','6513'),(1738,'BookName627','00출판사627','2658'),(1739,'BookName628','00출판사628','7557'),(1740,'BookName629','00출판사629','3361'),(1741,'BookName630','00출판사630','6897'),(1742,'BookName631','00출판사631','9499'),(1743,'BookName632','00출판사632','8278'),(1744,'BookName633','00출판사633','7962'),(1745,'BookName634','00출판사634','932'),(1746,'BookName635','00출판사635','2902'),(1747,'BookName636','00출판사636','6863'),(1748,'BookName637','00출판사637','832'),(1749,'BookName638','00출판사638','8956'),(1750,'BookName639','00출판사639','4481'),(1751,'BookName640','00출판사640','6150'),(1752,'BookName641','00출판사641','9468'),(1753,'BookName642','00출판사642','4886'),(1754,'BookName643','00출판사643','7766'),(1755,'BookName644','00출판사644','7211'),(1756,'BookName645','00출판사645','3376'),(1757,'BookName646','00출판사646','9386'),(1758,'BookName647','00출판사647','8029'),(1759,'BookName648','00출판사648','1939'),(1760,'BookName649','00출판사649','7251'),(1761,'BookName650','00출판사650','552'),(1762,'BookName651','00출판사651','1748'),(1763,'BookName652','00출판사652','5971'),(1764,'BookName653','00출판사653','3180'),(1765,'BookName654','00출판사654','508'),(1766,'BookName655','00출판사655','3934'),(1767,'BookName656','00출판사656','1184'),(1768,'BookName657','00출판사657','1179'),(1769,'BookName658','00출판사658','9179'),(1770,'BookName659','00출판사659','8668'),(1771,'BookName660','00출판사660','1073'),(1772,'BookName661','00출판사661','5059'),(1773,'BookName662','00출판사662','7743'),(1774,'BookName663','00출판사663','1739'),(1775,'BookName664','00출판사664','3139'),(1776,'BookName665','00출판사665','4904'),(1777,'BookName666','00출판사666','1775'),(1778,'BookName667','00출판사667','7979'),(1779,'BookName668','00출판사668','2065'),(1780,'BookName669','00출판사669','4873'),(1781,'BookName670','00출판사670','6813'),(1782,'BookName671','00출판사671','9326'),(1783,'BookName672','00출판사672','2074'),(1784,'BookName673','00출판사673','6181'),(1785,'BookName674','00출판사674','5686'),(1786,'BookName675','00출판사675','2592'),(1787,'BookName676','00출판사676','4625'),(1788,'BookName677','00출판사677','8358'),(1789,'BookName678','00출판사678','3003'),(1790,'BookName679','00출판사679','1435'),(1791,'BookName680','00출판사680','6084'),(1792,'BookName681','00출판사681','8601'),(1793,'BookName682','00출판사682','839'),(1794,'BookName683','00출판사683','1804'),(1795,'BookName684','00출판사684','5569'),(1796,'BookName685','00출판사685','4994'),(1797,'BookName686','00출판사686','7873'),(1798,'BookName687','00출판사687','8318'),(1799,'BookName688','00출판사688','905'),(1800,'BookName689','00출판사689','6417'),(1801,'BookName690','00출판사690','8668'),(1802,'BookName691','00출판사691','6031'),(1803,'BookName692','00출판사692','8878'),(1804,'BookName693','00출판사693','8720'),(1805,'BookName694','00출판사694','5848'),(1806,'BookName695','00출판사695','2887'),(1807,'BookName696','00출판사696','1512'),(1808,'BookName697','00출판사697','5996'),(1809,'BookName698','00출판사698','4573'),(1810,'BookName699','00출판사699','5904'),(1811,'BookName700','00출판사700','6315'),(1812,'BookName701','00출판사701','7509'),(1813,'BookName702','00출판사702','601'),(1814,'BookName703','00출판사703','4558'),(1815,'BookName704','00출판사704','7839'),(1816,'BookName705','00출판사705','6037'),(1817,'BookName706','00출판사706','828'),(1818,'BookName707','00출판사707','7910'),(1819,'BookName708','00출판사708','1860'),(1820,'BookName709','00출판사709','6485'),(1821,'BookName710','00출판사710','8852'),(1822,'BookName711','00출판사711','5966'),(1823,'BookName712','00출판사712','4109'),(1824,'BookName713','00출판사713','343'),(1825,'BookName714','00출판사714','1109'),(1826,'BookName715','00출판사715','6799'),(1827,'BookName716','00출판사716','3583'),(1828,'BookName717','00출판사717','9402'),(1829,'BookName718','00출판사718','2457'),(1830,'BookName719','00출판사719','3117'),(1831,'BookName720','00출판사720','2910'),(1832,'BookName721','00출판사721','4372'),(1833,'BookName722','00출판사722','2597'),(1834,'BookName723','00출판사723','3247'),(1835,'BookName724','00출판사724','5722'),(1836,'BookName725','00출판사725','1237'),(1837,'BookName726','00출판사726','2158'),(1838,'BookName727','00출판사727','3285'),(1839,'BookName728','00출판사728','3874'),(1840,'BookName729','00출판사729','5712'),(1841,'BookName730','00출판사730','1882'),(1842,'BookName731','00출판사731','6321'),(1843,'BookName732','00출판사732','484'),(1844,'BookName733','00출판사733','2592'),(1845,'BookName734','00출판사734','1746'),(1846,'BookName735','00출판사735','1614'),(1847,'BookName736','00출판사736','9610'),(1848,'BookName737','00출판사737','174'),(1849,'BookName738','00출판사738','3403'),(1850,'BookName739','00출판사739','3376'),(1851,'BookName740','00출판사740','4285'),(1852,'BookName741','00출판사741','3721'),(1853,'BookName742','00출판사742','7554'),(1854,'BookName743','00출판사743','8024'),(1855,'BookName744','00출판사744','2347'),(1856,'BookName745','00출판사745','7200'),(1857,'BookName746','00출판사746','5583'),(1858,'BookName747','00출판사747','1556'),(1859,'BookName748','00출판사748','4375'),(1860,'BookName749','00출판사749','6921'),(1861,'BookName750','00출판사750','4192'),(1862,'BookName751','00출판사751','8219'),(1863,'BookName752','00출판사752','8619'),(1864,'BookName753','00출판사753','9607'),(1865,'BookName754','00출판사754','1722'),(1866,'BookName755','00출판사755','2326'),(1867,'BookName756','00출판사756','6032'),(1868,'BookName757','00출판사757','166'),(1869,'BookName758','00출판사758','1167'),(1870,'BookName759','00출판사759','9749'),(1871,'BookName760','00출판사760','5470'),(1872,'BookName761','00출판사761','9132'),(1873,'BookName762','00출판사762','2657'),(1874,'BookName763','00출판사763','3744'),(1875,'BookName764','00출판사764','3135'),(1876,'BookName765','00출판사765','8723'),(1877,'BookName766','00출판사766','4222'),(1878,'BookName767','00출판사767','690'),(1879,'BookName768','00출판사768','6842'),(1880,'BookName769','00출판사769','2068'),(1881,'BookName770','00출판사770','8116'),(1882,'BookName771','00출판사771','6183'),(1883,'BookName772','00출판사772','9142'),(1884,'BookName773','00출판사773','9697'),(1885,'BookName774','00출판사774','2328'),(1886,'BookName775','00출판사775','2656'),(1887,'BookName776','00출판사776','1039'),(1888,'BookName777','00출판사777','8238'),(1889,'BookName778','00출판사778','31'),(1890,'BookName779','00출판사779','590'),(1891,'BookName780','00출판사780','2913'),(1892,'BookName781','00출판사781','8184'),(1893,'BookName782','00출판사782','11'),(1894,'BookName783','00출판사783','1394'),(1895,'BookName784','00출판사784','2928'),(1896,'BookName785','00출판사785','9965'),(1897,'BookName786','00출판사786','8200'),(1898,'BookName787','00출판사787','4724'),(1899,'BookName788','00출판사788','6976'),(1900,'BookName789','00출판사789','5193'),(1901,'BookName790','00출판사790','6591'),(1902,'BookName791','00출판사791','4892'),(1903,'BookName792','00출판사792','5829'),(1904,'BookName793','00출판사793','8265'),(1905,'BookName794','00출판사794','4593'),(1906,'BookName795','00출판사795','8695'),(1907,'BookName796','00출판사796','3922'),(1908,'BookName797','00출판사797','9029'),(1909,'BookName798','00출판사798','4485'),(1910,'BookName799','00출판사799','5990'),(1911,'BookName800','00출판사800','7940'),(1912,'BookName801','00출판사801','5943'),(1913,'BookName802','00출판사802','205'),(1914,'BookName803','00출판사803','8831'),(1915,'BookName804','00출판사804','7851'),(1916,'BookName805','00출판사805','9052'),(1917,'BookName806','00출판사806','8119'),(1918,'BookName807','00출판사807','9304'),(1919,'BookName808','00출판사808','9702'),(1920,'BookName809','00출판사809','8622'),(1921,'BookName810','00출판사810','6949'),(1922,'BookName811','00출판사811','1771'),(1923,'BookName812','00출판사812','2752'),(1924,'BookName813','00출판사813','9771'),(1925,'BookName814','00출판사814','6585'),(1926,'BookName815','00출판사815','4343'),(1927,'BookName816','00출판사816','564'),(1928,'BookName817','00출판사817','4225'),(1929,'BookName818','00출판사818','108'),(1930,'BookName819','00출판사819','5670'),(1931,'BookName820','00출판사820','7338'),(1932,'BookName821','00출판사821','9346'),(1933,'BookName822','00출판사822','8242'),(1934,'BookName823','00출판사823','8094'),(1935,'BookName824','00출판사824','4453'),(1936,'BookName825','00출판사825','463'),(1937,'BookName826','00출판사826','5024'),(1938,'BookName827','00출판사827','7984'),(1939,'BookName828','00출판사828','3887'),(1940,'BookName829','00출판사829','4078'),(1941,'BookName830','00출판사830','9550'),(1942,'BookName831','00출판사831','5594'),(1943,'BookName832','00출판사832','4349'),(1944,'BookName833','00출판사833','4938'),(1945,'BookName834','00출판사834','8325'),(1946,'BookName835','00출판사835','8597'),(1947,'BookName836','00출판사836','7499'),(1948,'BookName837','00출판사837','2002'),(1949,'BookName838','00출판사838','7535'),(1950,'BookName839','00출판사839','7362'),(1951,'BookName840','00출판사840','6398'),(1952,'BookName841','00출판사841','3767'),(1953,'BookName842','00출판사842','3881'),(1954,'BookName843','00출판사843','7420'),(1955,'BookName844','00출판사844','3261'),(1956,'BookName845','00출판사845','7884'),(1957,'BookName846','00출판사846','49'),(1958,'BookName847','00출판사847','7663'),(1959,'BookName848','00출판사848','4589'),(1960,'BookName849','00출판사849','5441'),(1961,'BookName850','00출판사850','5948'),(1962,'BookName851','00출판사851','3955'),(1963,'BookName852','00출판사852','8693'),(1964,'BookName853','00출판사853','1090'),(1965,'BookName854','00출판사854','4351'),(1966,'BookName855','00출판사855','8494'),(1967,'BookName856','00출판사856','7160'),(1968,'BookName857','00출판사857','6211'),(1969,'BookName858','00출판사858','7324'),(1970,'BookName859','00출판사859','7185'),(1971,'BookName860','00출판사860','6961'),(1972,'BookName861','00출판사861','5501'),(1973,'BookName862','00출판사862','2899'),(1974,'BookName863','00출판사863','3456'),(1975,'BookName864','00출판사864','6347'),(1976,'BookName865','00출판사865','7795'),(1977,'BookName866','00출판사866','5920'),(1978,'BookName867','00출판사867','2628'),(1979,'BookName868','00출판사868','349'),(1980,'BookName869','00출판사869','8530'),(1981,'BookName870','00출판사870','5765'),(1982,'BookName871','00출판사871','1495'),(1983,'BookName872','00출판사872','5360'),(1984,'BookName873','00출판사873','2097'),(1985,'BookName874','00출판사874','9337'),(1986,'BookName875','00출판사875','1590'),(1987,'BookName876','00출판사876','5597'),(1988,'BookName877','00출판사877','2889'),(1989,'BookName878','00출판사878','4729'),(1990,'BookName879','00출판사879','4314'),(1991,'BookName880','00출판사880','3212'),(1992,'BookName881','00출판사881','2296'),(1993,'BookName882','00출판사882','7598'),(1994,'BookName883','00출판사883','6677'),(1995,'BookName884','00출판사884','4449'),(1996,'BookName885','00출판사885','423'),(1997,'BookName886','00출판사886','1363'),(1998,'BookName887','00출판사887','596'),(1999,'BookName888','00출판사888','2836'),(2000,'BookName889','00출판사889','8511'),(2001,'BookName890','00출판사890','883'),(2002,'BookName891','00출판사891','2468'),(2003,'BookName892','00출판사892','7048'),(2004,'BookName893','00출판사893','3589'),(2005,'BookName894','00출판사894','933'),(2006,'BookName895','00출판사895','499'),(2007,'BookName896','00출판사896','9068'),(2008,'BookName897','00출판사897','773'),(2009,'BookName898','00출판사898','9347'),(2010,'BookName899','00출판사899','1233'),(2011,'BookName900','00출판사900','934'),(2012,'BookName901','00출판사901','7317'),(2013,'BookName902','00출판사902','5225'),(2014,'BookName903','00출판사903','4413'),(2015,'BookName904','00출판사904','7958'),(2016,'BookName905','00출판사905','6633'),(2017,'BookName906','00출판사906','2954'),(2018,'BookName907','00출판사907','7679'),(2019,'BookName908','00출판사908','9382'),(2020,'BookName909','00출판사909','5548'),(2021,'BookName910','00출판사910','8099'),(2022,'BookName911','00출판사911','4738'),(2023,'BookName912','00출판사912','3817'),(2024,'BookName913','00출판사913','765'),(2025,'BookName914','00출판사914','7622'),(2026,'BookName915','00출판사915','6688'),(2027,'BookName916','00출판사916','7693'),(2028,'BookName917','00출판사917','7688'),(2029,'BookName918','00출판사918','2920'),(2030,'BookName919','00출판사919','673'),(2031,'BookName920','00출판사920','2312'),(2032,'BookName921','00출판사921','8399'),(2033,'BookName922','00출판사922','1515'),(2034,'BookName923','00출판사923','3029'),(2035,'BookName924','00출판사924','9969'),(2036,'BookName925','00출판사925','8038'),(2037,'BookName926','00출판사926','2471'),(2038,'BookName927','00출판사927','1503'),(2039,'BookName928','00출판사928','277'),(2040,'BookName929','00출판사929','840'),(2041,'BookName930','00출판사930','8227'),(2042,'BookName931','00출판사931','7992'),(2043,'BookName932','00출판사932','9724'),(2044,'BookName933','00출판사933','109'),(2045,'BookName934','00출판사934','7668'),(2046,'BookName935','00출판사935','3273'),(2047,'BookName936','00출판사936','2471'),(2048,'BookName937','00출판사937','7687'),(2049,'BookName938','00출판사938','3944'),(2050,'BookName939','00출판사939','3256'),(2051,'BookName940','00출판사940','66'),(2052,'BookName941','00출판사941','6939'),(2053,'BookName942','00출판사942','6023'),(2054,'BookName943','00출판사943','5489'),(2055,'BookName944','00출판사944','5254'),(2056,'BookName945','00출판사945','9648'),(2057,'BookName946','00출판사946','9595'),(2058,'BookName947','00출판사947','9081'),(2059,'BookName948','00출판사948','3163'),(2060,'BookName949','00출판사949','4179'),(2061,'BookName950','00출판사950','4141'),(2062,'BookName951','00출판사951','7507'),(2063,'BookName952','00출판사952','8932'),(2064,'BookName953','00출판사953','7505'),(2065,'BookName954','00출판사954','2405'),(2066,'BookName955','00출판사955','8545'),(2067,'BookName956','00출판사956','1842'),(2068,'BookName957','00출판사957','4078'),(2069,'BookName958','00출판사958','1177'),(2070,'BookName959','00출판사959','6429'),(2071,'BookName960','00출판사960','9379'),(2072,'BookName961','00출판사961','5463'),(2073,'BookName962','00출판사962','6429'),(2074,'BookName963','00출판사963','4872'),(2075,'BookName964','00출판사964','7011'),(2076,'BookName965','00출판사965','4820'),(2077,'BookName966','00출판사966','4852'),(2078,'BookName967','00출판사967','3968'),(2079,'BookName968','00출판사968','7668'),(2080,'BookName969','00출판사969','6546'),(2081,'BookName970','00출판사970','2488'),(2082,'BookName971','00출판사971','189'),(2083,'BookName972','00출판사972','9894'),(2084,'BookName973','00출판사973','6525'),(2085,'BookName974','00출판사974','190'),(2086,'BookName975','00출판사975','4816'),(2087,'BookName976','00출판사976','6226'),(2088,'BookName977','00출판사977','6593'),(2089,'BookName978','00출판사978','3051'),(2090,'BookName979','00출판사979','5882'),(2091,'BookName980','00출판사980','8174'),(2092,'BookName981','00출판사981','3454'),(2093,'BookName982','00출판사982','396'),(2094,'BookName983','00출판사983','4990'),(2095,'BookName984','00출판사984','4714'),(2096,'BookName985','00출판사985','7707'),(2097,'BookName986','00출판사986','8915'),(2098,'BookName987','00출판사987','743'),(2099,'BookName988','00출판사988','7724'),(2100,'BookName989','00출판사989','8101'),(2101,'BookName990','00출판사990','5251'),(2102,'BookName991','00출판사991','6503'),(2103,'BookName992','00출판사992','2794'),(2104,'BookName993','00출판사993','6581'),(2105,'BookName994','00출판사994','6155'),(2106,'BookName995','00출판사995','4497'),(2107,'BookName996','00출판사996','3674'),(2108,'BookName997','00출판사997','9229'),(2109,'BookName998','00출판사998','5737'),(2110,'BookName999','00출판사999','3074');
/*!40000 ALTER TABLE `tbl_book` ENABLE KEYS */;
UNLOCK TABLES;

--
-- Table structure for table `tbl_lend`
--

DROP TABLE IF EXISTS `tbl_lend`;
/*!40101 SET @saved_cs_client     = @@character_set_client */;
/*!50503 SET character_set_client = utf8mb4 */;
CREATE TABLE `tbl_lend` (
  `lendId` int NOT NULL AUTO_INCREMENT,
  `bookcode` int NOT NULL,
  `id` varchar(45) NOT NULL,
  `lendDate` date DEFAULT NULL,
  `returnDate` date DEFAULT NULL,
  PRIMARY KEY (`lendId`,`bookcode`),
  KEY `fk_tbl_book_has_tbl_member_tbl_member1_idx` (`id`),
  KEY `fk_tbl_book_has_tbl_member_tbl_book_idx` (`bookcode`),
  CONSTRAINT `fk_tbl_book_has_tbl_member_tbl_book` FOREIGN KEY (`bookcode`) REFERENCES `tbl_book` (`bookcode`),
  CONSTRAINT `fk_tbl_book_has_tbl_member_tbl_member1` FOREIGN KEY (`id`) REFERENCES `tbl_member` (`id`)
) ENGINE=InnoDB AUTO_INCREMENT=85 DEFAULT CHARSET=utf8mb4 COLLATE=utf8mb4_0900_ai_ci;
/*!40101 SET character_set_client = @saved_cs_client */;

--
-- Dumping data for table `tbl_lend`
--

LOCK TABLES `tbl_lend` WRITE;
/*!40000 ALTER TABLE `tbl_lend` DISABLE KEYS */;
INSERT INTO `tbl_lend` VALUES (64,1,'user1','2023-07-26','2023-08-02'),(65,2,'user1','2023-07-26','2023-08-02'),(66,3,'user1','2023-07-26','2023-08-02'),(67,4,'user3','2023-07-27','2023-08-03'),(68,5,'user3','2023-07-27','2023-08-03'),(69,6,'user3','2023-07-27','2023-08-03'),(70,7,'user3','2023-07-27','2023-08-03'),(71,8,'user1','2023-07-27','2023-08-03'),(72,9,'user1','2023-07-27','2023-08-03'),(73,10,'user1','2023-07-27','2023-08-03'),(74,11,'user1','2023-07-27','2023-08-03'),(75,12,'user1','2023-07-27','2023-08-03'),(76,1111,'user1','2023-07-27','2023-08-03'),(77,1112,'user1','2023-07-27','2023-08-03'),(78,1113,'user1','2023-07-27','2023-08-03'),(79,1114,'user1','2023-07-28','2023-08-04'),(80,1234,'user1','2023-07-28','2023-08-04'),(81,1235,'user1','2023-07-28','2023-08-04'),(82,1115,'abcde','2023-07-28','2023-08-04'),(83,1116,'abcde','2023-07-28','2023-08-04'),(84,1555,'user1','2023-07-31','2023-08-07');
/*!40000 ALTER TABLE `tbl_lend` ENABLE KEYS */;
UNLOCK TABLES;

--
-- Table structure for table `tbl_lend_message`
--

DROP TABLE IF EXISTS `tbl_lend_message`;
/*!40101 SET @saved_cs_client     = @@character_set_client */;
/*!50503 SET character_set_client = utf8mb4 */;
CREATE TABLE `tbl_lend_message` (
  `msgId` int NOT NULL AUTO_INCREMENT,
  `userId` varchar(45) DEFAULT NULL,
  `msg` text,
  PRIMARY KEY (`msgId`)
) ENGINE=InnoDB AUTO_INCREMENT=29 DEFAULT CHARSET=utf8mb4 COLLATE=utf8mb4_0900_ai_ci;
/*!40101 SET character_set_client = @saved_cs_client */;

--
-- Dumping data for table `tbl_lend_message`
--

LOCK TABLES `tbl_lend_message` WRITE;
/*!40000 ALTER TABLE `tbl_lend_message` DISABLE KEYS */;
/*!40000 ALTER TABLE `tbl_lend_message` ENABLE KEYS */;
UNLOCK TABLES;

--
-- Table structure for table `tbl_log`
--

DROP TABLE IF EXISTS `tbl_log`;
/*!40101 SET @saved_cs_client     = @@character_set_client */;
/*!50503 SET character_set_client = utf8mb4 */;
CREATE TABLE `tbl_log` (
  `id` int NOT NULL AUTO_INCREMENT,
  `total` int DEFAULT NULL,
  `user` int DEFAULT NULL,
  `member` int DEFAULT NULL,
  `date` date DEFAULT NULL,
  PRIMARY KEY (`id`)
) ENGINE=InnoDB AUTO_INCREMENT=11 DEFAULT CHARSET=utf8mb4 COLLATE=utf8mb4_0900_ai_ci;
/*!40101 SET character_set_client = @saved_cs_client */;

--
-- Dumping data for table `tbl_log`
--

LOCK TABLES `tbl_log` WRITE;
/*!40000 ALTER TABLE `tbl_log` DISABLE KEYS */;
INSERT INTO `tbl_log` VALUES (7,4,1,1,'2023-07-26'),(8,97,52,14,'2023-07-27'),(9,54,41,8,'2023-07-28'),(10,29,8,8,'2023-07-31');
/*!40000 ALTER TABLE `tbl_log` ENABLE KEYS */;
UNLOCK TABLES;

--
-- Table structure for table `tbl_member`
--

DROP TABLE IF EXISTS `tbl_member`;
/*!40101 SET @saved_cs_client     = @@character_set_client */;
/*!50503 SET character_set_client = utf8mb4 */;
CREATE TABLE `tbl_member` (
  `id` varchar(45) NOT NULL,
  `pw` varchar(255) DEFAULT NULL,
  `username` varchar(45) DEFAULT NULL,
  `role` varchar(45) DEFAULT NULL,
  PRIMARY KEY (`id`)
) ENGINE=InnoDB DEFAULT CHARSET=utf8mb4 COLLATE=utf8mb4_0900_ai_ci;
/*!40101 SET character_set_client = @saved_cs_client */;

--
-- Dumping data for table `tbl_member`
--

LOCK TABLES `tbl_member` WRITE;
/*!40000 ALTER TABLE `tbl_member` DISABLE KEYS */;
INSERT INTO `tbl_member` VALUES ('aaaa','1234',NULL,NULL),('aaabbb','1234',NULL,'ROLE_USER'),('abcd','1234',NULL,NULL),('abcde','1234',NULL,'ROLE_USER'),('admin','1234','admin','ROLE_ADMIN'),('member10','1234','username10','ROLE_MEMBER'),('member6','1234','username6','ROLE_MEMBER'),('member7','1234','username7','ROLE_MEMBER'),('member8','1234','username8','ROLE_MEMBER'),('member9','1234','username9','ROLE_MEMBER'),('user1','1234','username1','ROLE_USER'),('user2','1234','username2','ROLE_USER'),('user3','1234','username3','ROLE_USER'),('user4','1234','username4','ROLE_USER'),('user5','1234','username5','ROLE_USER'),('wefwef','',NULL,NULL),('홍길동','1234','username6','ROLE_USER');
/*!40000 ALTER TABLE `tbl_member` ENABLE KEYS */;
UNLOCK TABLES;

--
-- Table structure for table `tbl_menu`
--

DROP TABLE IF EXISTS `tbl_menu`;
/*!40101 SET @saved_cs_client     = @@character_set_client */;
/*!50503 SET character_set_client = utf8mb4 */;
CREATE TABLE `tbl_menu` (
  `menu_id` int NOT NULL,
  `menu_name` varchar(50) NOT NULL,
  `price` int NOT NULL,
  PRIMARY KEY (`menu_id`)
) ENGINE=InnoDB DEFAULT CHARSET=utf8mb4 COLLATE=utf8mb4_0900_ai_ci;
/*!40101 SET character_set_client = @saved_cs_client */;

--
-- Dumping data for table `tbl_menu`
--

LOCK TABLES `tbl_menu` WRITE;
/*!40000 ALTER TABLE `tbl_menu` DISABLE KEYS */;
/*!40000 ALTER TABLE `tbl_menu` ENABLE KEYS */;
UNLOCK TABLES;

--
-- Table structure for table `tbl_order`
--

DROP TABLE IF EXISTS `tbl_order`;
/*!40101 SET @saved_cs_client     = @@character_set_client */;
/*!50503 SET character_set_client = utf8mb4 */;
CREATE TABLE `tbl_order` (
  `order_id` int NOT NULL,
  `menu_id` int NOT NULL,
  `user_id` varchar(50) NOT NULL,
  `price` varchar(50) NOT NULL,
  `date` date DEFAULT NULL,
  `menu_name` varchar(45) NOT NULL,
  `amount` int DEFAULT NULL,
  `addr` varchar(50) DEFAULT NULL,
  PRIMARY KEY (`order_id`),
  KEY `user_id_idx` (`user_id`),
  KEY `menu_id_idx` (`menu_id`),
  KEY `menu_name_idx` (`menu_name`),
  KEY `order_id_idx` (`addr`),
  CONSTRAINT `menu_id` FOREIGN KEY (`menu_id`) REFERENCES `tbl_menu` (`menu_id`) ON DELETE CASCADE ON UPDATE CASCADE,
  CONSTRAINT `user_id` FOREIGN KEY (`user_id`) REFERENCES `tbl_user` (`id`) ON DELETE CASCADE ON UPDATE CASCADE
) ENGINE=InnoDB DEFAULT CHARSET=utf8mb4 COLLATE=utf8mb4_0900_ai_ci;
/*!40101 SET character_set_client = @saved_cs_client */;

--
-- Dumping data for table `tbl_order`
--

LOCK TABLES `tbl_order` WRITE;
/*!40000 ALTER TABLE `tbl_order` DISABLE KEYS */;
/*!40000 ALTER TABLE `tbl_order` ENABLE KEYS */;
UNLOCK TABLES;

--
-- Table structure for table `tbl_reserve`
--

DROP TABLE IF EXISTS `tbl_reserve`;
/*!40101 SET @saved_cs_client     = @@character_set_client */;
/*!50503 SET character_set_client = utf8mb4 */;
CREATE TABLE `tbl_reserve` (
  `rId` int NOT NULL,
  `lendId` int DEFAULT NULL,
  `id` varchar(45) DEFAULT NULL,
  `rDate` date DEFAULT NULL,
  `isRecvMessage` int DEFAULT NULL,
  PRIMARY KEY (`rId`)
) ENGINE=InnoDB DEFAULT CHARSET=utf8mb4 COLLATE=utf8mb4_0900_ai_ci;
/*!40101 SET character_set_client = @saved_cs_client */;

--
-- Dumping data for table `tbl_reserve`
--

LOCK TABLES `tbl_reserve` WRITE;
/*!40000 ALTER TABLE `tbl_reserve` DISABLE KEYS */;
/*!40000 ALTER TABLE `tbl_reserve` ENABLE KEYS */;
UNLOCK TABLES;

--
-- Table structure for table `tbl_upload_file`
--

DROP TABLE IF EXISTS `tbl_upload_file`;
/*!40101 SET @saved_cs_client     = @@character_set_client */;
/*!50503 SET character_set_client = utf8mb4 */;
CREATE TABLE `tbl_upload_file` (
  `id` int NOT NULL AUTO_INCREMENT,
  `user` varchar(45) DEFAULT NULL,
  `dir` varchar(45) DEFAULT NULL,
  `filename` varchar(45) DEFAULT NULL,
  PRIMARY KEY (`id`)
) ENGINE=InnoDB AUTO_INCREMENT=222 DEFAULT CHARSET=utf8mb4 COLLATE=utf8mb4_0900_ai_ci;
/*!40101 SET character_set_client = @saved_cs_client */;

--
-- Dumping data for table `tbl_upload_file`
--

LOCK TABLES `tbl_upload_file` WRITE;
/*!40000 ALTER TABLE `tbl_upload_file` DISABLE KEYS */;
INSERT INTO `tbl_upload_file` VALUES (214,'user1','490f459f-ba60-43f2-a8bc-383da6032e69','1일차_230612.py'),(215,'user1','490f459f-ba60-43f2-a8bc-383da6032e69','2일차_230614.py'),(216,'user1','490f459f-ba60-43f2-a8bc-383da6032e69','3일차_230616.py'),(217,'user1','490f459f-ba60-43f2-a8bc-383da6032e69','4일차_230619.py'),(218,'user1','490f459f-ba60-43f2-a8bc-383da6032e69','5일차_230621.py'),(219,'user1','490f459f-ba60-43f2-a8bc-383da6032e69','6일차_230626.py'),(220,'user1','490f459f-ba60-43f2-a8bc-383da6032e69','7일차_230628.py'),(221,'user1','490f459f-ba60-43f2-a8bc-383da6032e69','8일차_230630.py');
/*!40000 ALTER TABLE `tbl_upload_file` ENABLE KEYS */;
UNLOCK TABLES;

--
-- Table structure for table `tbl_user`
--

DROP TABLE IF EXISTS `tbl_user`;
/*!40101 SET @saved_cs_client     = @@character_set_client */;
/*!50503 SET character_set_client = utf8mb4 */;
CREATE TABLE `tbl_user` (
  `id` varchar(45) NOT NULL,
  `pw` varchar(45) NOT NULL,
  `name` varchar(10) NOT NULL,
  `addr` varchar(50) NOT NULL,
  `phone` varchar(20) NOT NULL,
  `role` varchar(45) DEFAULT NULL,
  PRIMARY KEY (`id`,`addr`)
) ENGINE=InnoDB DEFAULT CHARSET=utf8mb4 COLLATE=utf8mb4_0900_ai_ci;
/*!40101 SET character_set_client = @saved_cs_client */;

--
-- Dumping data for table `tbl_user`
--

LOCK TABLES `tbl_user` WRITE;
/*!40000 ALTER TABLE `tbl_user` DISABLE KEYS */;
/*!40000 ALTER TABLE `tbl_user` ENABLE KEYS */;
UNLOCK TABLES;
/*!40103 SET TIME_ZONE=@OLD_TIME_ZONE */;

/*!40101 SET SQL_MODE=@OLD_SQL_MODE */;
/*!40014 SET FOREIGN_KEY_CHECKS=@OLD_FOREIGN_KEY_CHECKS */;
/*!40014 SET UNIQUE_CHECKS=@OLD_UNIQUE_CHECKS */;
/*!40101 SET CHARACTER_SET_CLIENT=@OLD_CHARACTER_SET_CLIENT */;
/*!40101 SET CHARACTER_SET_RESULTS=@OLD_CHARACTER_SET_RESULTS */;
/*!40101 SET COLLATION_CONNECTION=@OLD_COLLATION_CONNECTION */;
/*!40111 SET SQL_NOTES=@OLD_SQL_NOTES */;

-- Dump completed on 2023-07-31 11:36:34
